{"cameraMode":{"drawMode":0,"name":"Shaded","section":"Shading Mode"},"sceneLighting":false,"audioPlay":false,"sceneViewState":{"m_AlwaysRefresh":false,"showFog":true,"showSkybox":false,"showFlares":true,"showImageEffects":true,"showParticleSystems":true,"showVisualEffectGraphs":true,"m_FxEnabled":true},"in2DMode":false,"pivot":{"x":0.01615142822265625,"y":7.416574001312256,"z":0.05142045021057129},"rotation":{"x":-0.13756488263607026,"y":-0.7064270973205566,"z":0.14308147132396699,"w":-0.6794134974479675},"size":9.766277313232422,"orthographic":false}