{"cameraMode":{"drawMode":0,"name":"Shaded","section":"Shading Mode"},"sceneLighting":false,"audioPlay":false,"sceneViewState":{"m_AlwaysRefresh":false,"showFog":true,"showSkybox":false,"showFlares":true,"showImageEffects":true,"showParticleSystems":true,"showVisualEffectGraphs":true,"m_FxEnabled":true},"in2DMode":false,"pivot":{"x":-0.12079834938049317,"y":6.5552191734313969,"z":0.04956555366516113},"rotation":{"x":0.07485690712928772,"y":0.5902201533317566,"z":-0.054968953132629397,"w":0.8019556999206543},"size":7.89202356338501,"orthographic":false}